stt,ten_anh,ground_truth,du_doan_cuoi,du_doan_module_goc,khop_voi_module_goc,dung_bien_so,accuracy_ky_tu,edit_distance,hop_cau_truc_du_doan,so_box_yolo,fallback_anh_goc,so_bien_the_co_text,so_ung_vien,co_ung_vien_dung,ung_vien_thang_hop_cau_truc,ung_vien_thang_so_sua,ung_vien_thang_so_lan,ung_vien_thang_conf,bien_the_thang,ly_do_chon,thoi_gian_ms,nhom_loi
1,001.jpg,38A27374,38A27374,38A27374,True,True,1.0,0,True,0,True,3,2,True,True,0.0,2,0.9747164845466614,crop 0 - Ảnh CLAHE,Hợp cấu trúc=True; sửa 0 ký tự; xuất hiện 2 lần; OCR tin cậy 0.975,733.6229000065941,Đúng
2,002.jpg,59X139458,,,True,False,0.0,9,False,3,False,0,0,False,False,,0,0.0,,Không có ứng viên sau OCR và hậu xử lý,249.294799999916,OCR không đọc ra ký tự
3,003.jpg,81A23618,81A23618,81A23618,True,True,1.0,0,True,1,False,3,2,True,True,0.0,2,0.9668994843959808,crop 0 - Ảnh gốc,Hợp cấu trúc=True; sửa 0 ký tự; xuất hiện 2 lần; OCR tin cậy 0.967,536.4772000029916,Đúng
4,004.jpg,51H69860,51H69860,51H69860,True,True,1.0,0,True,1,False,3,3,True,True,0.0,1,0.9717600345611572,crop 0 - Ảnh gốc,Hợp cấu trúc=True; sửa 0 ký tự; xuất hiện 1 lần; OCR tin cậy 0.972,437.85570000181906,Đúng
5,005.jpg,51C05509,51C05509,51C05509,True,True,1.0,0,True,1,False,3,2,True,True,0.0,2,0.9625244140625,crop 0 - Ảnh CLAHE,Hợp cấu trúc=True; sửa 0 ký tự; xuất hiện 2 lần; OCR tin cậy 0.963,392.39310000266414,Đúng
6,006.jpg,51G94706,51G94706,51G94706,True,True,1.0,0,True,1,False,3,1,True,True,1.0,3,0.9445783495903015,crop 0 - Ảnh Otsu,Hợp cấu trúc=True; sửa 1 ký tự; xuất hiện 3 lần; OCR tin cậy 0.945,354.79680000571534,Đúng
7,007.jpg,59P241572,59P241572,59P241572,True,True,1.0,0,True,1,False,3,1,True,True,0.0,3,0.9449382126331329,crop 0 - Ảnh CLAHE,Hợp cấu trúc=True; sửa 0 ký tự; xuất hiện 3 lần; OCR tin cậy 0.945,581.1401000100886,Đúng
8,008.jpg,77L160030,77L160030,77L160030,True,True,1.0,0,True,1,False,3,2,True,True,0.0,2,0.970388799905777,crop 0 - Ảnh CLAHE,Hợp cấu trúc=True; sửa 0 ký tự; xuất hiện 2 lần; OCR tin cậy 0.970,506.3007999997353,Đúng
9,009.jpg,94AB08770,94AB08770,94AB08770,True,True,1.0,0,True,1,False,3,1,True,True,0.0,3,0.9575213491916656,crop 0 - Ảnh gốc,Hợp cấu trúc=True; sửa 0 ký tự; xuất hiện 3 lần; OCR tin cậy 0.958,560.9169999952428,Đúng
10,010.jpg,71B350531,50S37,50S37,True,False,0.33333333333333337,6,False,1,False,3,2,False,False,1.0,2,0.8427636623382568,crop 0 - Ảnh CLAHE,Hợp cấu trúc=False; sửa 1 ký tự; xuất hiện 2 lần; OCR tin cậy 0.843,348.78329999628477,OCR đọc thiếu ký tự
11,011.jpg,79A11283,79A11283,79A11283,True,True,1.0,0,True,1,False,3,1,True,True,0.0,3,0.9544214010238647,crop 0 - Ảnh CLAHE,Hợp cấu trúc=True; sửa 0 ký tự; xuất hiện 3 lần; OCR tin cậy 0.954,350.83270000177436,Đúng
12,012.jpg,51A81930,51A81930,51A81930,True,True,1.0,0,True,1,False,3,1,True,True,0.0,3,0.9725020825862885,crop 0 - Ảnh gốc,Hợp cấu trúc=True; sửa 0 ký tự; xuất hiện 3 lần; OCR tin cậy 0.973,547.133500003838,Đúng
13,013.jpg,60F128808,28B68,28B68,True,False,0.33333333333333337,6,False,1,False,1,1,False,False,1.0,1,0.7791541814804077,crop 0 - Ảnh gốc,Hợp cấu trúc=False; sửa 1 ký tự; xuất hiện 1 lần; OCR tin cậy 0.779,203.74700000684243,OCR đọc thiếu ký tự
14,014.jpg,81B321596,81B321596,81B321596,True,True,1.0,0,True,1,False,3,2,True,True,1.0,2,0.9470506608486176,crop 0 - Ảnh gốc,Hợp cấu trúc=True; sửa 1 ký tự; xuất hiện 2 lần; OCR tin cậy 0.947,511.01220000418834,Đúng
15,015.jpg,29H17054,29H17054,29H17054,True,True,1.0,0,True,1,False,3,1,True,True,0.0,3,0.9686442613601685,crop 0 - Ảnh gốc,Hợp cấu trúc=True; sửa 0 ký tự; xuất hiện 3 lần; OCR tin cậy 0.969,427.8080000076443,Đúng
16,016.jpg,30E43502,30E43502,30E43502,True,True,1.0,0,True,1,False,3,1,True,True,0.0,3,0.9541935920715332,crop 0 - Ảnh CLAHE,Hợp cấu trúc=True; sửa 0 ký tự; xuất hiện 3 lần; OCR tin cậy 0.954,425.1591000065673,Đúng
17,017.jpg,30A26144,30A26144,30A26144,True,True,1.0,0,True,1,False,3,1,True,True,0.0,3,0.99013552069664,crop 0 - Ảnh Otsu,Hợp cấu trúc=True; sửa 0 ký tự; xuất hiện 3 lần; OCR tin cậy 0.990,566.7866000003414,Đúng
18,018.jpg,89C15637,89C15637,89C15637,True,True,1.0,0,True,1,False,3,1,True,True,0.0,3,0.9892957210540771,crop 0 - Ảnh Otsu,Hợp cấu trúc=True; sửa 0 ký tự; xuất hiện 3 lần; OCR tin cậy 0.989,612.189399995259,Đúng
19,019.jpg,89A15961,89A15961,89A15961,True,True,1.0,0,True,1,False,3,1,True,True,0.0,3,0.9583758115768433,crop 0 - Ảnh CLAHE,Hợp cấu trúc=True; sửa 0 ký tự; xuất hiện 3 lần; OCR tin cậy 0.958,463.5792999906698,Đúng
20,020.jpg,30A26144,30A26144,30A26144,True,True,1.0,0,True,1,False,3,1,True,True,0.0,3,0.9888142347335815,crop 0 - Ảnh Otsu,Hợp cấu trúc=True; sửa 0 ký tự; xuất hiện 3 lần; OCR tin cậy 0.989,354.5746999880066,Đúng
21,021.jpg,29C80581,29C80581,29C80581,True,True,1.0,0,True,1,False,3,1,True,True,0.0,3,0.995763748884201,crop 0 - Ảnh Otsu,Hợp cấu trúc=True; sửa 0 ký tự; xuất hiện 3 lần; OCR tin cậy 0.996,587.0566999947187,Đúng
22,022.jpg,30E45676,30E45676,30E45676,True,True,1.0,0,True,1,False,3,1,True,True,0.0,3,0.9795055389404297,crop 0 - Ảnh CLAHE,Hợp cấu trúc=True; sửa 0 ký tự; xuất hiện 3 lần; OCR tin cậy 0.980,665.5511999997543,Đúng
23,023.jpg,30F5204,30F5204,30F5204,True,True,1.0,0,True,2,False,6,4,True,True,0.0,2,0.99351367354393,crop 0 - Ảnh gốc,Hợp cấu trúc=True; sửa 0 ký tự; xuất hiện 2 lần; OCR tin cậy 0.994,1322.1942999953171,Đúng
24,024.jpg,30F5204,30F5204,30F5204,True,True,1.0,0,True,2,False,6,1,True,True,0.0,6,0.9958084225654602,crop 1 - Ảnh Otsu,Hợp cấu trúc=True; sửa 0 ký tự; xuất hiện 6 lần; OCR tin cậy 0.996,1128.9626000070712,Đúng
25,025.jpg,51G52911,51G52911,51G52911,True,True,1.0,0,True,1,False,3,1,True,True,0.0,3,0.9503691792488098,crop 0 - Ảnh Otsu,Hợp cấu trúc=True; sửa 0 ký tự; xuất hiện 3 lần; OCR tin cậy 0.950,479.2979000048945,Đúng
26,026.jpg,29A85437,29A85437,29A85437,True,True,1.0,0,True,1,False,3,1,True,True,0.0,3,0.9584167003631592,crop 0 - Ảnh CLAHE,Hợp cấu trúc=True; sửa 0 ký tự; xuất hiện 3 lần; OCR tin cậy 0.958,509.53899999149144,Đúng
27,027.jpg,30F85806,30F85806,30F85806,True,True,1.0,0,True,1,False,3,1,True,True,0.0,3,0.9832130670547485,crop 0 - Ảnh Otsu,Hợp cấu trúc=True; sửa 0 ký tự; xuất hiện 3 lần; OCR tin cậy 0.983,468.7733000027947,Đúng
28,028.jpg,30V8692,30V8692,30V8692,True,True,1.0,0,True,1,False,3,1,True,True,0.0,3,0.9936717748641968,crop 0 - Ảnh gốc,Hợp cấu trúc=True; sửa 0 ký tự; xuất hiện 3 lần; OCR tin cậy 0.994,713.9717999962159,Đúng
29,029.jpg,30A92645,30A92645,30A92645,True,True,1.0,0,True,1,False,3,1,True,True,0.0,3,0.9729361236095428,crop 0 - Ảnh gốc,Hợp cấu trúc=True; sửa 0 ký tự; xuất hiện 3 lần; OCR tin cậy 0.973,685.5800999910571,Đúng
30,030.jpg,88A03336,88A03336,88A03336,True,True,1.0,0,True,1,False,3,1,True,True,0.0,3,0.9802116751670837,crop 0 - Ảnh Otsu,Hợp cấu trúc=True; sửa 0 ký tự; xuất hiện 3 lần; OCR tin cậy 0.980,566.8326000013622,Đúng
31,031.jpg,30F10317,30F10317,30F10317,True,True,1.0,0,True,1,False,3,1,True,True,0.0,3,0.9699522852897644,crop 0 - Ảnh gốc,Hợp cấu trúc=True; sửa 0 ký tự; xuất hiện 3 lần; OCR tin cậy 0.970,444.21699999656994,Đúng
32,032.jpg,29A26128,29A26128,29A26128,True,True,1.0,0,True,1,False,3,1,True,True,0.0,3,0.9956486821174622,crop 0 - Ảnh gốc,Hợp cấu trúc=True; sửa 0 ký tự; xuất hiện 3 lần; OCR tin cậy 0.996,719.4860000017798,Đúng
33,033.jpg,30F50833,30F50833,30F50833,True,True,1.0,0,True,1,False,3,1,True,True,0.0,3,0.9926589131355286,crop 0 - Ảnh Otsu,Hợp cấu trúc=True; sửa 0 ký tự; xuất hiện 3 lần; OCR tin cậy 0.993,429.30400000477675,Đúng
34,034.jpg,30A88459,30A88459,30A88459,True,True,1.0,0,True,1,False,3,1,True,True,0.0,3,0.9881285429000854,crop 0 - Ảnh Otsu,Hợp cấu trúc=True; sửa 0 ký tự; xuất hiện 3 lần; OCR tin cậy 0.988,563.2700999994995,Đúng
35,035.jpg,15A00635,15A00635,15A00635,True,True,1.0,0,True,1,False,3,1,True,True,0.0,3,0.9825364947319031,crop 0 - Ảnh Otsu,Hợp cấu trúc=True; sửa 0 ký tự; xuất hiện 3 lần; OCR tin cậy 0.983,531.0388000070816,Đúng
36,036.jpg,30F07555,30F07555,30F07555,True,True,1.0,0,True,1,False,3,1,True,True,0.0,3,0.9889285862445831,crop 0 - Ảnh CLAHE,Hợp cấu trúc=True; sửa 0 ký tự; xuất hiện 3 lần; OCR tin cậy 0.989,696.3287000107812,Đúng
37,037.jpg,30F07555,30F07555,30F07555,True,True,1.0,0,True,1,False,3,1,True,True,0.0,3,0.9936519861221313,crop 0 - Ảnh Otsu,Hợp cấu trúc=True; sửa 0 ký tự; xuất hiện 3 lần; OCR tin cậy 0.994,603.60230000515,Đúng
38,038.jpg,30E12176,30E12176,30E12176,True,True,1.0,0,True,1,False,3,1,True,True,0.0,3,0.9842160940170288,crop 0 - Ảnh Otsu,Hợp cấu trúc=True; sửa 0 ký tự; xuất hiện 3 lần; OCR tin cậy 0.984,537.3185999924317,Đúng
39,039.jpg,29H15079,29H15079,29H15079,True,True,1.0,0,True,1,False,3,1,True,True,0.0,3,0.9893244504928589,crop 0 - Ảnh CLAHE,Hợp cấu trúc=True; sửa 0 ký tự; xuất hiện 3 lần; OCR tin cậy 0.989,623.6827000102494,Đúng
40,040.jpg,14A25074,14A25074,14A25074,True,True,1.0,0,True,1,False,3,1,True,True,0.0,3,0.9959673881530762,crop 0 - Ảnh Otsu,Hợp cấu trúc=True; sửa 0 ký tự; xuất hiện 3 lần; OCR tin cậy 0.996,420.02649999631103,Đúng
41,041.jpg,29A25885,29A25885,29A25885,True,True,1.0,0,True,1,False,3,1,True,True,0.0,3,0.9851000905036926,crop 0 - Ảnh gốc,Hợp cấu trúc=True; sửa 0 ký tự; xuất hiện 3 lần; OCR tin cậy 0.985,658.1278999947244,Đúng
42,042.jpg,30F27580,30F27580,30F27580,True,True,1.0,0,True,1,False,3,1,True,True,0.0,3,0.9752060770988464,crop 0 - Ảnh gốc,Hợp cấu trúc=True; sửa 0 ký tự; xuất hiện 3 lần; OCR tin cậy 0.975,493.4097999939695,Đúng
43,043.jpg,30E34411,30E34411,30E34411,True,True,1.0,0,True,1,False,3,1,True,True,0.0,3,0.9961644411087036,crop 0 - Ảnh Otsu,Hợp cấu trúc=True; sửa 0 ký tự; xuất hiện 3 lần; OCR tin cậy 0.996,472.41469999426045,Đúng
44,044.jpg,30F36253,30F36253,30F36253,True,True,1.0,0,True,1,False,3,1,True,True,0.0,3,0.9911969900131226,crop 0 - Ảnh Otsu,Hợp cấu trúc=True; sửa 0 ký tự; xuất hiện 3 lần; OCR tin cậy 0.991,453.77719998941757,Đúng
45,045.jpg,29H37260,29H37260,29H37260,True,True,1.0,0,True,2,False,6,1,True,True,0.0,6,0.9945467710494995,crop 0 - Ảnh Otsu,Hợp cấu trúc=True; sửa 0 ký tự; xuất hiện 6 lần; OCR tin cậy 0.995,797.5161999929696,Đúng
46,046.jpg,30F39361,30F39361,30F39361,True,True,1.0,0,True,1,False,3,1,True,True,0.0,3,0.9810546636581421,crop 0 - Ảnh gốc,Hợp cấu trúc=True; sửa 0 ký tự; xuất hiện 3 lần; OCR tin cậy 0.981,720.1587999879848,Đúng
47,047.jpg,30E43843,30E43843,30E43843,True,True,1.0,0,True,1,False,3,1,True,True,0.0,3,0.980674147605896,crop 0 - Ảnh gốc,Hợp cấu trúc=True; sửa 0 ký tự; xuất hiện 3 lần; OCR tin cậy 0.981,448.71550000971183,Đúng
48,048.jpg,30A48483,30A8483,30A8483,True,False,0.875,1,True,1,False,3,2,True,True,0.0,2,0.9915295839309692,crop 0 - Ảnh Otsu,Hợp cấu trúc=True; sửa 0 ký tự; xuất hiện 2 lần; OCR tin cậy 0.992,623.818799998844,Có ứng viên đúng nhưng chọn sai
49,049.jpg,30E66266,30E66266,30E66266,True,True,1.0,0,True,1,False,3,1,True,True,0.0,3,0.9818196296691895,crop 0 - Ảnh CLAHE,Hợp cấu trúc=True; sửa 0 ký tự; xuất hiện 3 lần; OCR tin cậy 0.982,485.6164000084391,Đúng
50,050.jpg,30F86404,30F86404,30F86404,True,True,1.0,0,True,1,False,3,1,True,True,0.0,3,0.9862144589424133,crop 0 - Ảnh Otsu,Hợp cấu trúc=True; sửa 0 ký tự; xuất hiện 3 lần; OCR tin cậy 0.986,475.74819999863394,Đúng
51,051.jpg,89A10341,89A10341,89A10341,True,True,1.0,0,True,1,False,3,1,True,True,0.0,3,0.9844257831573486,crop 0 - Ảnh gốc,Hợp cấu trúc=True; sửa 0 ký tự; xuất hiện 3 lần; OCR tin cậy 0.984,685.5191999929957,Đúng
52,052.jpg,89A10868,89A10868,89A10868,True,True,1.0,0,True,1,False,3,1,True,True,0.0,3,0.9909222722053528,crop 0 - Ảnh CLAHE,Hợp cấu trúc=True; sửa 0 ký tự; xuất hiện 3 lần; OCR tin cậy 0.991,635.3489000030095,Đúng
53,053.jpg,29A09586,29A09586,29A09586,True,True,1.0,0,True,1,False,3,1,True,True,0.0,3,0.9833067655563354,crop 0 - Ảnh CLAHE,Hợp cấu trúc=True; sửa 0 ký tự; xuất hiện 3 lần; OCR tin cậy 0.983,404.7679000068456,Đúng
54,054.jpg,29A33928,29A33928,29A33928,True,True,1.0,0,True,1,False,3,1,True,True,0.0,3,0.9958029091358185,crop 0 - Ảnh Otsu,Hợp cấu trúc=True; sửa 0 ký tự; xuất hiện 3 lần; OCR tin cậy 0.996,667.7005999954417,Đúng
55,055.jpg,29A46294,29A46294,29A46294,True,True,1.0,0,True,1,False,3,1,True,True,0.0,3,0.9828656315803528,crop 0 - Ảnh gốc,Hợp cấu trúc=True; sửa 0 ký tự; xuất hiện 3 lần; OCR tin cậy 0.983,412.8815999865765,Đúng
56,056.jpg,30F57808,30F57808,30F57808,True,True,1.0,0,True,1,False,3,2,True,True,0.0,2,0.9664593935012817,crop 0 - Ảnh CLAHE,Hợp cấu trúc=True; sửa 0 ký tự; xuất hiện 2 lần; OCR tin cậy 0.966,660.1905999996234,Đúng
57,057.jpg,30A74491,30A74491,30A74491,True,True,1.0,0,True,1,False,2,2,True,True,0.0,1,0.9158002138137817,crop 0 - Ảnh gốc,Hợp cấu trúc=True; sửa 0 ký tự; xuất hiện 1 lần; OCR tin cậy 0.916,465.4365000023972,Đúng
58,058.jpg,30F77159,30F77159,30F77159,True,True,1.0,0,True,1,False,3,1,True,True,0.0,3,0.9699710607528687,crop 0 - Ảnh CLAHE,Hợp cấu trúc=True; sửa 0 ký tự; xuất hiện 3 lần; OCR tin cậy 0.970,419.13570000906475,Đúng
59,059.jpg,89A20061,89A20061,89A20061,True,True,1.0,0,True,1,False,3,1,True,True,0.0,3,0.9687114953994751,crop 0 - Ảnh CLAHE,Hợp cấu trúc=True; sửa 0 ký tự; xuất hiện 3 lần; OCR tin cậy 0.969,434.24339999910444,Đúng
60,060.jpg,51A64826,51A64826,51A64826,True,True,1.0,0,True,1,False,3,1,True,True,0.0,3,0.9648963212966919,crop 0 - Ảnh gốc,Hợp cấu trúc=True; sửa 0 ký tự; xuất hiện 3 lần; OCR tin cậy 0.965,467.9977999912808,Đúng
61,061.jpg,51F79512,51F79512,51F79512,True,True,1.0,0,True,1,False,3,1,True,True,0.0,3,0.9777513742446899,crop 0 - Ảnh gốc,Hợp cấu trúc=True; sửa 0 ký tự; xuất hiện 3 lần; OCR tin cậy 0.978,484.1984000086086,Đúng
62,062.jpg,51F04275,51F04275,51F04275,True,True,1.0,0,True,1,False,3,1,True,True,0.0,3,0.9714387059211731,crop 0 - Ảnh Otsu,Hợp cấu trúc=True; sửa 0 ký tự; xuất hiện 3 lần; OCR tin cậy 0.971,424.33819999860134,Đúng
63,063.jpg,51F79512,51F79512,51F79512,True,True,1.0,0,True,1,False,3,1,True,True,0.0,3,0.986845850944519,crop 0 - Ảnh Otsu,Hợp cấu trúc=True; sửa 0 ký tự; xuất hiện 3 lần; OCR tin cậy 0.987,493.3173000026727,Đúng
64,064.jpg,51A05227,51A05227,51A05227,True,True,1.0,0,True,1,False,3,1,True,True,0.0,3,0.9656974077224731,crop 0 - Ảnh gốc,Hợp cấu trúc=True; sửa 0 ký tự; xuất hiện 3 lần; OCR tin cậy 0.966,446.4740000112215,Đúng
65,065.jpg,51F06948,51F06948,51F06948,True,True,1.0,0,True,1,False,3,2,True,True,0.0,2,0.9856175184249878,crop 0 - Ảnh gốc,Hợp cấu trúc=True; sửa 0 ký tự; xuất hiện 2 lần; OCR tin cậy 0.986,415.8754999953089,Đúng
66,066.jpg,51F24403,51F24403,51F24403,True,True,1.0,0,True,1,False,3,1,True,True,0.0,3,0.9813248515129089,crop 0 - Ảnh CLAHE,Hợp cấu trúc=True; sửa 0 ký tự; xuất hiện 3 lần; OCR tin cậy 0.981,413.1748000072548,Đúng
67,067.jpg,51G51332,51G51332,51G51332,True,True,1.0,0,True,1,False,3,1,True,True,0.0,3,0.9776887893676758,crop 0 - Ảnh Otsu,Hợp cấu trúc=True; sửa 0 ký tự; xuất hiện 3 lần; OCR tin cậy 0.978,428.32110000017565,Đúng
68,068.jpg,51G44313,51G44313,51G44313,True,True,1.0,0,True,1,False,3,1,True,True,0.0,3,0.9784172773361206,crop 0 - Ảnh gốc,Hợp cấu trúc=True; sửa 0 ký tự; xuất hiện 3 lần; OCR tin cậy 0.978,484.4991999998456,Đúng
69,069.jpg,51F31118,51F31118,51F31118,True,True,1.0,0,True,1,False,3,1,True,True,0.0,3,0.9854294657707214,crop 0 - Ảnh gốc,Hợp cấu trúc=True; sửa 0 ký tự; xuất hiện 3 lần; OCR tin cậy 0.985,476.423000000068,Đúng
70,070.jpg,56S4698,56S4698,56S4698,True,True,1.0,0,True,1,False,3,1,True,True,0.0,3,0.9613077044487,crop 0 - Ảnh CLAHE,Hợp cấu trúc=True; sửa 0 ký tự; xuất hiện 3 lần; OCR tin cậy 0.961,437.73210000654217,Đúng
71,071.jpg,52Y6490,52Y6490,52Y6490,True,True,1.0,0,True,1,False,3,1,True,True,0.0,3,0.9655581116676331,crop 0 - Ảnh CLAHE,Hợp cấu trúc=True; sửa 0 ký tự; xuất hiện 3 lần; OCR tin cậy 0.966,453.52209999691695,Đúng
72,072.jpg,68C137520,68C137520,68C137520,True,True,1.0,0,True,1,False,3,1,True,True,0.0,3,0.9530460834503174,crop 0 - Ảnh gốc,Hợp cấu trúc=True; sửa 0 ký tự; xuất hiện 3 lần; OCR tin cậy 0.953,688.2773999968776,Đúng
73,073.jpg,51A01204,51A01204,51A01204,True,True,1.0,0,True,1,False,3,1,True,True,0.0,3,0.9688603281974792,crop 0 - Ảnh gốc,Hợp cấu trúc=True; sửa 0 ký tự; xuất hiện 3 lần; OCR tin cậy 0.969,422.9771999962395,Đúng
74,074.jpg,51A72110,51A72110,51A72110,True,True,1.0,0,True,1,False,3,1,True,True,0.0,3,0.99045729637146,crop 0 - Ảnh Otsu,Hợp cấu trúc=True; sửa 0 ký tự; xuất hiện 3 lần; OCR tin cậy 0.990,435.94900000607595,Đúng
75,075.jpg,51G43630,51G43630,51G43630,True,True,1.0,0,True,1,False,3,1,True,True,0.0,3,0.9571759104728699,crop 0 - Ảnh gốc,Hợp cấu trúc=True; sửa 0 ký tự; xuất hiện 3 lần; OCR tin cậy 0.957,425.36949999339413,Đúng
76,076.jpg,51F22261,51F22261,51F22261,True,True,1.0,0,True,1,False,3,1,True,True,0.0,3,0.9775297045707703,crop 0 - Ảnh Otsu,Hợp cấu trúc=True; sửa 0 ký tự; xuất hiện 3 lần; OCR tin cậy 0.978,442.84600000537466,Đúng
77,077.jpg,48A05177,48A05177,48A05177,True,True,1.0,0,True,1,False,3,1,True,True,0.0,3,0.9834986925125122,crop 0 - Ảnh gốc,Hợp cấu trúc=True; sửa 0 ký tự; xuất hiện 3 lần; OCR tin cậy 0.983,431.54170000343584,Đúng
78,078.jpg,51G50553,51G50553,51G50553,True,True,1.0,0,True,1,False,3,1,True,True,0.0,3,0.9849128723144531,crop 0 - Ảnh gốc,Hợp cấu trúc=True; sửa 0 ký tự; xuất hiện 3 lần; OCR tin cậy 0.985,432.72919999435544,Đúng
79,079.jpg,51F06532,51F06532,51F06532,True,True,1.0,0,True,1,False,3,1,True,True,0.0,3,0.9831644892692566,crop 0 - Ảnh gốc,Hợp cấu trúc=True; sửa 0 ký tự; xuất hiện 3 lần; OCR tin cậy 0.983,431.05780000041705,Đúng
80,080.jpg,51A05227,51A05227,51A05227,True,True,1.0,0,True,1,False,3,1,True,True,0.0,3,0.9686993360519409,crop 0 - Ảnh CLAHE,Hợp cấu trúc=True; sửa 0 ký tự; xuất hiện 3 lần; OCR tin cậy 0.969,423.7532999977702,Đúng
81,081.jpg,51F63034,51F63034,51F63034,True,True,1.0,0,True,1,False,3,1,True,True,0.0,3,0.9559478759765625,crop 0 - Ảnh CLAHE,Hợp cấu trúc=True; sửa 0 ký tự; xuất hiện 3 lần; OCR tin cậy 0.956,425.29499999363907,Đúng
82,082.jpg,60A03868,60A03868,60A03868,True,True,1.0,0,True,1,False,3,1,True,True,0.0,3,0.9707342386245728,crop 0 - Ảnh gốc,Hợp cấu trúc=True; sửa 0 ký tự; xuất hiện 3 lần; OCR tin cậy 0.971,432.77860000671353,Đúng
83,083.jpg,51G31691,51G31691,51G31691,True,True,1.0,0,True,1,False,3,1,True,True,0.0,3,0.9661887288093567,crop 0 - Ảnh CLAHE,Hợp cấu trúc=True; sửa 0 ký tự; xuất hiện 3 lần; OCR tin cậy 0.966,423.1240000081016,Đúng
84,084.jpg,51F82606,51F82606,51F82606,True,True,1.0,0,True,1,False,3,1,True,True,0.0,3,0.972787082195282,crop 0 - Ảnh CLAHE,Hợp cấu trúc=True; sửa 0 ký tự; xuất hiện 3 lần; OCR tin cậy 0.973,433.6390999960713,Đúng
85,085.jpg,51F61712,51F61712,51F61712,True,True,1.0,0,True,1,False,3,1,True,True,0.0,3,0.9775645136833191,crop 0 - Ảnh gốc,Hợp cấu trúc=True; sửa 0 ký tự; xuất hiện 3 lần; OCR tin cậy 0.978,423.4448000061093,Đúng
86,086.jpg,51A96141,51A96141,51A96141,True,True,1.0,0,True,1,False,3,1,True,True,0.0,3,0.9598086476325989,crop 0 - Ảnh CLAHE,Hợp cấu trúc=True; sửa 0 ký tự; xuất hiện 3 lần; OCR tin cậy 0.960,430.1930000074208,Đúng
87,087.jpg,51G39466,51G39466,51G39466,True,True,1.0,0,True,1,False,3,1,True,True,0.0,3,0.9574972987174988,crop 0 - Ảnh CLAHE,Hợp cấu trúc=True; sửa 0 ký tự; xuất hiện 3 lần; OCR tin cậy 0.957,424.8568000039086,Đúng
88,088.jpg,51F59011,51F59011,51F59011,True,True,1.0,0,True,1,False,3,1,True,True,0.0,3,0.9845840334892273,crop 0 - Ảnh gốc,Hợp cấu trúc=True; sửa 0 ký tự; xuất hiện 3 lần; OCR tin cậy 0.985,426.96799999976065,Đúng
89,089.jpg,51A69172,51A69172,51A69172,True,True,1.0,0,True,1,False,3,1,True,True,0.0,3,0.9706134796142578,crop 0 - Ảnh CLAHE,Hợp cấu trúc=True; sửa 0 ký tự; xuất hiện 3 lần; OCR tin cậy 0.971,426.4009999897098,Đúng
90,090.jpg,51G49160,51G49160,51G49160,True,True,1.0,0,True,1,False,3,1,True,True,0.0,3,0.9156526327133179,crop 0 - Ảnh Otsu,Hợp cấu trúc=True; sửa 0 ký tự; xuất hiện 3 lần; OCR tin cậy 0.916,431.2879999924917,Đúng
91,091.jpg,51G49160,51G49160,51G49160,True,True,1.0,0,True,1,False,3,2,True,True,1.0,1,0.9071074724197388,crop 0 - Ảnh Otsu,Hợp cấu trúc=True; sửa 1 ký tự; xuất hiện 1 lần; OCR tin cậy 0.907,425.6279999972321,Đúng
92,092.jpg,51G47340,51G47340,51G47340,True,True,1.0,0,True,1,False,3,1,True,True,0.0,3,0.9263755679130554,crop 0 - Ảnh CLAHE,Hợp cấu trúc=True; sửa 0 ký tự; xuất hiện 3 lần; OCR tin cậy 0.926,423.2373999984702,Đúng
93,093.jpg,51A77529,51A77529,51A77529,True,True,1.0,0,True,1,False,3,1,True,True,0.0,3,0.9628092050552368,crop 0 - Ảnh gốc,Hợp cấu trúc=True; sửa 0 ký tự; xuất hiện 3 lần; OCR tin cậy 0.963,430.616600002395,Đúng
94,094.jpg,51F88270,51F88270,51F88270,True,True,1.0,0,True,1,False,3,1,True,True,0.0,3,0.9784523248672485,crop 0 - Ảnh gốc,Hợp cấu trúc=True; sửa 0 ký tự; xuất hiện 3 lần; OCR tin cậy 0.978,415.8513000002131,Đúng
95,095.jpg,30E00090,30E00090,30E00090,True,True,1.0,0,True,1,False,3,1,True,True,0.0,3,0.9888854026794434,crop 0 - Ảnh gốc,Hợp cấu trúc=True; sửa 0 ký tự; xuất hiện 3 lần; OCR tin cậy 0.989,420.7431999966502,Đúng
96,096.jpg,29A23950,29A23950,29A23950,True,True,1.0,0,True,1,False,3,2,True,True,0.0,2,0.9684438705444336,crop 0 - Ảnh CLAHE,Hợp cấu trúc=True; sửa 0 ký tự; xuất hiện 2 lần; OCR tin cậy 0.968,431.39220000011846,Đúng
97,097.jpg,51G48154,51G48154,51G48154,True,True,1.0,0,True,1,False,3,1,True,True,0.0,3,0.9775684475898743,crop 0 - Ảnh CLAHE,Hợp cấu trúc=True; sửa 0 ký tự; xuất hiện 3 lần; OCR tin cậy 0.978,424.6329000015976,Đúng
98,098.jpg,51F58214,51F58214,51F58214,True,True,1.0,0,True,1,False,3,1,True,True,0.0,3,0.9843928217887878,crop 0 - Ảnh gốc,Hợp cấu trúc=True; sửa 0 ký tự; xuất hiện 3 lần; OCR tin cậy 0.984,422.3901999939699,Đúng
99,099.jpg,51F22261,51F22261,51F22261,True,True,1.0,0,True,1,False,3,1,True,True,0.0,3,0.9841823577880859,crop 0 - Ảnh Otsu,Hợp cấu trúc=True; sửa 0 ký tự; xuất hiện 3 lần; OCR tin cậy 0.984,455.2493999945,Đúng
100,100.jpg,60A35981,60A35981,60A35981,True,True,1.0,0,True,1,False,3,1,True,True,0.0,3,0.9824457168579102,crop 0 - Ảnh gốc,Hợp cấu trúc=True; sửa 0 ký tự; xuất hiện 3 lần; OCR tin cậy 0.982,425.093800004106,Đúng
101,101.jpg,51F07973,51F07973,51F07973,True,True,1.0,0,True,1,False,3,1,True,True,0.0,3,0.9247387051582336,crop 0 - Ảnh CLAHE,Hợp cấu trúc=True; sửa 0 ký tự; xuất hiện 3 lần; OCR tin cậy 0.925,441.1054000083823,Đúng
102,102.jpg,51F15585,51F15585,51F15585,True,True,1.0,0,True,1,False,3,1,True,True,0.0,3,0.9499610066413879,crop 0 - Ảnh gốc,Hợp cấu trúc=True; sửa 0 ký tự; xuất hiện 3 lần; OCR tin cậy 0.950,427.19190000207163,Đúng
103,103.jpg,51G20536,51G20536,51G20536,True,True,1.0,0,True,1,False,3,1,True,True,0.0,3,0.9820863008499146,crop 0 - Ảnh CLAHE,Hợp cấu trúc=True; sửa 0 ký tự; xuất hiện 3 lần; OCR tin cậy 0.982,420.4214000055799,Đúng
104,104.jpg,50Z0618,50Z0618,50Z0618,True,True,1.0,0,True,1,False,3,1,True,True,0.0,3,0.9561218023300171,crop 0 - Ảnh Otsu,Hợp cấu trúc=True; sửa 0 ký tự; xuất hiện 3 lần; OCR tin cậy 0.956,431.32809999224264,Đúng
105,105.jpg,51F07568,51F07568,51F07568,True,True,1.0,0,True,1,False,3,1,True,True,0.0,3,0.9760823249816895,crop 0 - Ảnh CLAHE,Hợp cấu trúc=True; sửa 0 ký tự; xuất hiện 3 lần; OCR tin cậy 0.976,495.34500000299886,Đúng
106,106.jpg,51F88270,51F88270,51F88270,True,True,1.0,0,True,1,False,3,1,True,True,0.0,3,0.9863071441650391,crop 0 - Ảnh gốc,Hợp cấu trúc=True; sửa 0 ký tự; xuất hiện 3 lần; OCR tin cậy 0.986,440.61399999191053,Đúng
107,107.jpg,51F86988,51F86988,51F86988,True,True,1.0,0,True,1,False,3,1,True,True,0.0,3,0.9805901646614075,crop 0 - Ảnh gốc,Hợp cấu trúc=True; sửa 0 ký tự; xuất hiện 3 lần; OCR tin cậy 0.981,434.1641999926651,Đúng
108,108.jpg,51F15585,51F15585,51F15585,True,True,1.0,0,True,1,False,3,2,True,True,0.0,2,0.982930064201355,crop 0 - Ảnh CLAHE,Hợp cấu trúc=True; sửa 0 ký tự; xuất hiện 2 lần; OCR tin cậy 0.983,433.072900006664,Đúng
109,109.jpg,30V3993,30V3993,30V3993,True,True,1.0,0,True,1,False,3,1,True,True,0.0,3,0.9871817231178284,crop 0 - Ảnh gốc,Hợp cấu trúc=True; sửa 0 ký tự; xuất hiện 3 lần; OCR tin cậy 0.987,466.2318999908166,Đúng
110,110.jpg,51F31118,51F31118,51F31118,True,True,1.0,0,True,1,False,3,1,True,True,0.0,3,0.9790072441101074,crop 0 - Ảnh gốc,Hợp cấu trúc=True; sửa 0 ký tự; xuất hiện 3 lần; OCR tin cậy 0.979,425.93879999185447,Đúng
111,111.jpg,51A85325,51A85325,51A85325,True,True,1.0,0,True,1,False,3,1,True,True,0.0,3,0.9790700078010559,crop 0 - Ảnh CLAHE,Hợp cấu trúc=True; sửa 0 ký tự; xuất hiện 3 lần; OCR tin cậy 0.979,428.3813999936683,Đúng
112,112.jpg,51A01204,51A01204,51A01204,True,True,1.0,0,True,1,False,3,1,True,True,0.0,3,0.9618245959281921,crop 0 - Ảnh gốc,Hợp cấu trúc=True; sửa 0 ký tự; xuất hiện 3 lần; OCR tin cậy 0.962,428.2322000071872,Đúng
113,113.jpg,59M190977,59M190977,59M190977,True,True,1.0,0,True,1,False,3,2,True,True,0.0,2,0.9388206899166107,crop 0 - Ảnh gốc,Hợp cấu trúc=True; sửa 0 ký tự; xuất hiện 2 lần; OCR tin cậy 0.939,707.8923999943072,Đúng
114,114.jpg,59E113417,59E113417,59E113417,True,True,1.0,0,True,1,False,3,1,True,True,0.0,3,0.9656344652175903,crop 0 - Ảnh gốc,Hợp cấu trúc=True; sửa 0 ký tự; xuất hiện 3 lần; OCR tin cậy 0.966,639.4830000062939,Đúng
115,115.jpg,63B957926,63B957926,63B957926,True,True,1.0,0,True,1,False,3,1,True,True,1.0,3,0.9356963038444519,crop 0 - Ảnh CLAHE,Hợp cấu trúc=True; sửa 1 ký tự; xuất hiện 3 lần; OCR tin cậy 0.936,588.9942000067094,Đúng
116,116.jpg,59V107473,59V107473,59V107473,True,True,1.0,0,True,1,False,3,2,True,True,0.0,2,0.9385985136032104,crop 0 - Ảnh gốc,Hợp cấu trúc=True; sửa 0 ký tự; xuất hiện 2 lần; OCR tin cậy 0.939,589.7219000034966,Đúng
117,117.jpg,59C100507,59C100507,59C100507,True,True,1.0,0,True,1,False,3,1,True,True,0.0,3,0.9640021026134491,crop 0 - Ảnh CLAHE,Hợp cấu trúc=True; sửa 0 ký tự; xuất hiện 3 lần; OCR tin cậy 0.964,628.3008999889717,Đúng
118,118.jpg,84K34900,84K34900,84K34900,True,True,1.0,0,True,1,False,2,2,True,True,0.0,1,0.881435751914978,crop 0 - Ảnh gốc,Hợp cấu trúc=True; sửa 0 ký tự; xuất hiện 1 lần; OCR tin cậy 0.881,564.7567000123672,Đúng
119,119.jpg,59B135199,59B135199,59B135199,True,True,1.0,0,True,1,False,3,1,True,True,0.0,3,0.9318113029003143,crop 0 - Ảnh CLAHE,Hợp cấu trúc=True; sửa 0 ký tự; xuất hiện 3 lần; OCR tin cậy 0.932,596.8270000012126,Đúng
120,120.jpg,51L41138,51L41138,51L41138,True,True,1.0,0,True,1,False,3,2,True,True,0.0,2,0.963523268699646,crop 0 - Ảnh CLAHE,Hợp cấu trúc=True; sửa 0 ký tự; xuất hiện 2 lần; OCR tin cậy 0.964,612.9750999971293,Đúng
121,121.jpg,59V216023,59V216023,59V216023,True,True,1.0,0,True,1,False,3,1,True,True,0.0,3,0.9432312548160553,crop 0 - Ảnh CLAHE,Hợp cấu trúc=True; sửa 0 ký tự; xuất hiện 3 lần; OCR tin cậy 0.943,592.0012999995379,Đúng
122,122.jpg,65F131532,65F131532,65F131532,True,True,1.0,0,True,1,False,3,2,True,True,0.0,2,0.9272704422473907,crop 0 - Ảnh CLAHE,Hợp cấu trúc=True; sửa 0 ký tự; xuất hiện 2 lần; OCR tin cậy 0.927,609.1767000034451,Đúng
123,123.jpg,59F138151,59F138151,59F138151,True,True,1.0,0,True,1,False,3,1,True,True,0.0,3,0.9584267139434814,crop 0 - Ảnh Otsu,Hợp cấu trúc=True; sửa 0 ký tự; xuất hiện 3 lần; OCR tin cậy 0.958,601.3062000129139,Đúng
124,124.jpg,59F120158,59F120158,59F120158,True,True,1.0,0,True,1,False,3,1,True,True,0.0,3,0.9455491304397583,crop 0 - Ảnh CLAHE,Hợp cấu trúc=True; sửa 0 ký tự; xuất hiện 3 lần; OCR tin cậy 0.946,618.1931000028271,Đúng
125,125.jpg,47B142872,47B142872,47B142872,True,True,1.0,0,True,1,False,3,1,True,True,1.0,3,0.9195347726345062,crop 0 - Ảnh Otsu,Hợp cấu trúc=True; sửa 1 ký tự; xuất hiện 3 lần; OCR tin cậy 0.920,591.8835000047693,Đúng
126,126.jpg,59G133671,59G133671,59G133671,True,True,1.0,0,True,1,False,3,1,True,True,0.0,3,0.9377015829086304,crop 0 - Ảnh Otsu,Hợp cấu trúc=True; sửa 0 ký tự; xuất hiện 3 lần; OCR tin cậy 0.938,601.7925999913132,Đúng
127,127.jpg,82K37689,82K37689,82K37689,True,True,1.0,0,True,1,False,3,2,True,True,0.0,1,0.9001557230949402,crop 0 - Ảnh gốc,Hợp cấu trúc=True; sửa 0 ký tự; xuất hiện 1 lần; OCR tin cậy 0.900,610.5448000016622,Đúng
128,128.jpg,59L184759,59L184759,59L184759,True,True,1.0,0,True,1,False,3,2,True,True,0.0,2,0.9315925240516663,crop 0 - Ảnh CLAHE,Hợp cấu trúc=True; sửa 0 ký tự; xuất hiện 2 lần; OCR tin cậy 0.932,609.5831999991788,Đúng
129,129.jpg,54T30255,54T30255,54T30255,True,True,1.0,0,True,1,False,3,2,True,True,0.0,2,0.933338850736618,crop 0 - Ảnh gốc,Hợp cấu trúc=True; sửa 0 ký tự; xuất hiện 2 lần; OCR tin cậy 0.933,601.2342000030912,Đúng
130,130.jpg,54S89169,54S89169,54S89169,True,True,1.0,0,True,1,False,3,1,True,True,0.0,3,0.9092223346233368,crop 0 - Ảnh gốc,Hợp cấu trúc=True; sửa 0 ký tự; xuất hiện 3 lần; OCR tin cậy 0.909,605.1925999927334,Đúng
131,131.jpg,59T161654,59T161654,59T161654,True,True,1.0,0,True,1,False,3,2,True,True,0.0,1,0.9229134917259216,crop 0 - Ảnh Otsu,Hợp cấu trúc=True; sửa 0 ký tự; xuất hiện 1 lần; OCR tin cậy 0.923,599.3314000079408,Đúng
132,132.jpg,60B628032,60B628032,60B628032,True,True,1.0,0,True,1,False,3,2,True,True,0.0,2,0.9167446196079254,crop 0 - Ảnh gốc,Hợp cấu trúc=True; sửa 0 ký tự; xuất hiện 2 lần; OCR tin cậy 0.917,589.2134000023361,Đúng
133,133.jpg,59S115133,59S115133,59S115133,True,True,1.0,0,True,1,False,3,1,True,True,0.0,3,0.92113396525383,crop 0 - Ảnh CLAHE,Hợp cấu trúc=True; sửa 0 ký tự; xuất hiện 3 lần; OCR tin cậy 0.921,596.7762999935076,Đúng
134,134.jpg,59V243654,59V243654,59V243654,True,True,1.0,0,True,1,False,3,1,True,True,0.0,3,0.9385016858577728,crop 0 - Ảnh gốc,Hợp cấu trúc=True; sửa 0 ký tự; xuất hiện 3 lần; OCR tin cậy 0.939,625.0116000010166,Đúng
135,135.jpg,59L159150,59L159150,59L159150,True,True,1.0,0,True,1,False,3,2,True,True,0.0,2,0.9472123086452484,crop 0 - Ảnh CLAHE,Hợp cấu trúc=True; sửa 0 ký tự; xuất hiện 2 lần; OCR tin cậy 0.947,595.7342999899993,Đúng
136,136.jpg,59E168785,59E168785,59E168785,True,True,1.0,0,True,1,False,3,2,True,True,0.0,2,0.9197661280632019,crop 0 - Ảnh gốc,Hợp cấu trúc=True; sửa 0 ký tự; xuất hiện 2 lần; OCR tin cậy 0.920,596.0564999986673,Đúng
137,137.jpg,59L194176,59L194176,59L194176,True,True,1.0,0,True,1,False,3,1,True,True,0.0,3,0.9718197286128998,crop 0 - Ảnh gốc,Hợp cấu trúc=True; sửa 0 ký tự; xuất hiện 3 lần; OCR tin cậy 0.972,604.0716999996221,Đúng
138,138.jpg,70B155132,70B155132,70B155132,True,True,1.0,0,True,1,False,3,2,True,True,1.0,2,0.9341644942760468,crop 0 - Ảnh CLAHE,Hợp cấu trúc=True; sửa 1 ký tự; xuất hiện 2 lần; OCR tin cậy 0.934,592.0666000019992,Đúng
139,139.jpg,60B325220,60B325220,60B325220,True,True,1.0,0,True,1,False,3,1,True,True,0.0,3,0.937774658203125,crop 0 - Ảnh gốc,Hợp cấu trúc=True; sửa 0 ký tự; xuất hiện 3 lần; OCR tin cậy 0.938,603.2558000006247,Đúng
140,140.jpg,50N107428,50N107428,50N107428,True,True,1.0,0,True,1,False,3,1,True,True,0.0,3,0.9748528599739075,crop 0 - Ảnh CLAHE,Hợp cấu trúc=True; sửa 0 ký tự; xuất hiện 3 lần; OCR tin cậy 0.975,594.9556000123266,Đúng
141,141.jpg,55P62004,55P62004,55P62004,True,True,1.0,0,True,1,False,3,1,True,True,0.0,3,0.9748745560646057,crop 0 - Ảnh CLAHE,Hợp cấu trúc=True; sửa 0 ký tự; xuất hiện 3 lần; OCR tin cậy 0.975,598.4425000060583,Đúng
142,142.jpg,81B126810,81B126810,81B126810,True,True,1.0,0,True,1,False,2,1,True,True,0.0,2,0.8959150612354279,crop 0 - Ảnh Otsu,Hợp cấu trúc=True; sửa 0 ký tự; xuất hiện 2 lần; OCR tin cậy 0.896,527.187400002731,Đúng
143,143.jpg,59T138506,59T138506,59T138506,True,True,1.0,0,True,1,False,3,2,True,True,0.0,1,0.9874909818172455,crop 0 - Ảnh Otsu,Hợp cấu trúc=True; sửa 0 ký tự; xuất hiện 1 lần; OCR tin cậy 0.987,602.3284999973839,Đúng
144,144.jpg,95P26027,95P26027,95P26027,True,True,1.0,0,True,1,False,3,1,True,True,0.0,3,0.954793244600296,crop 0 - Ảnh CLAHE,Hợp cấu trúc=True; sửa 0 ký tự; xuất hiện 3 lần; OCR tin cậy 0.955,611.2264000112191,Đúng
145,145.jpg,51U83423,51U83423,51U83423,True,True,1.0,0,True,1,False,3,2,True,True,0.0,2,0.9697618186473846,crop 0 - Ảnh CLAHE,Hợp cấu trúc=True; sửa 0 ký tự; xuất hiện 2 lần; OCR tin cậy 0.970,593.1287999992492,Đúng
146,146.jpg,59S110393,59S110393,59S110393,True,True,1.0,0,True,1,False,3,2,True,True,0.0,2,0.9510220885276794,crop 0 - Ảnh gốc,Hợp cấu trúc=True; sửa 0 ký tự; xuất hiện 2 lần; OCR tin cậy 0.951,587.6189999980852,Đúng
147,147.jpg,66L135224,66L135224,66L135224,True,True,1.0,0,True,1,False,3,2,True,True,0.0,2,0.9834348857402802,crop 0 - Ảnh Otsu,Hợp cấu trúc=True; sửa 0 ký tự; xuất hiện 2 lần; OCR tin cậy 0.983,590.1693000050727,Đúng
148,148.jpg,69U13670,69U13670,69U13670,True,True,1.0,0,True,1,False,3,2,True,True,0.0,2,0.9350249469280243,crop 0 - Ảnh CLAHE,Hợp cấu trúc=True; sửa 0 ký tự; xuất hiện 2 lần; OCR tin cậy 0.935,590.2190999913728,Đúng
149,149.jpg,59H167791,59H167791,59H167791,True,True,1.0,0,True,1,False,3,1,True,True,0.0,3,0.9555043578147888,crop 0 - Ảnh Otsu,Hợp cấu trúc=True; sửa 0 ký tự; xuất hiện 3 lần; OCR tin cậy 0.956,622.735199998715,Đúng
150,150.jpg,78D108469,78D108469,78D108469,True,True,1.0,0,True,1,False,3,2,True,True,0.0,1,0.9086586534976959,crop 0 - Ảnh Otsu,Hợp cấu trúc=True; sửa 0 ký tự; xuất hiện 1 lần; OCR tin cậy 0.909,608.9381000056164,Đúng
151,151.jpg,52U62655,52U62655,52U62655,True,True,1.0,0,True,1,False,3,1,True,True,0.0,3,0.9548912048339844,crop 0 - Ảnh gốc,Hợp cấu trúc=True; sửa 0 ký tự; xuất hiện 3 lần; OCR tin cậy 0.955,602.5514000066323,Đúng
152,152.jpg,77L100895,77L100895,77L100895,True,True,1.0,0,True,1,False,3,3,True,True,0.0,1,0.936456948518753,crop 0 - Ảnh CLAHE,Hợp cấu trúc=True; sửa 0 ký tự; xuất hiện 1 lần; OCR tin cậy 0.936,592.0595999923535,Đúng
153,153.jpg,59FA00591,59FA00591,59FA00591,True,True,1.0,0,True,1,False,3,1,True,True,0.0,3,0.9782463014125824,crop 0 - Ảnh gốc,Hợp cấu trúc=True; sửa 0 ký tự; xuất hiện 3 lần; OCR tin cậy 0.978,597.3048000014387,Đúng
154,154.jpg,54P28057,54P28057,54P28057,True,True,1.0,0,True,1,False,3,1,True,True,0.0,3,0.9704194068908691,crop 0 - Ảnh CLAHE,Hợp cấu trúc=True; sửa 0 ký tự; xuất hiện 3 lần; OCR tin cậy 0.970,600.1339000067674,Đúng
155,155.jpg,52F33586,52F33586,52F33586,True,True,1.0,0,True,1,False,3,1,True,True,0.0,3,0.975479930639267,crop 0 - Ảnh CLAHE,Hợp cấu trúc=True; sửa 0 ký tự; xuất hiện 3 lần; OCR tin cậy 0.975,595.5708999972558,Đúng
156,156.jpg,59M161406,59M161406,59M161406,True,True,1.0,0,True,1,False,3,1,True,True,0.0,3,0.909131646156311,crop 0 - Ảnh Otsu,Hợp cấu trúc=True; sửa 0 ký tự; xuất hiện 3 lần; OCR tin cậy 0.909,592.9074000014225,Đúng
157,157.jpg,61D112878,61D112878,61D112878,True,True,1.0,0,True,1,False,3,3,True,True,0.0,1,0.9079715013504028,crop 0 - Ảnh CLAHE,Hợp cấu trúc=True; sửa 0 ký tự; xuất hiện 1 lần; OCR tin cậy 0.908,588.4649000072386,Đúng
158,158.jpg,49L101241,49L101241,49L101241,True,True,1.0,0,True,1,False,3,2,True,True,0.0,2,0.965024471282959,crop 0 - Ảnh CLAHE,Hợp cấu trúc=True; sửa 0 ký tự; xuất hiện 2 lần; OCR tin cậy 0.965,601.2182000122266,Đúng
159,159.jpg,59E102993,59E102993,59E102993,True,True,1.0,0,True,1,False,3,2,True,True,0.0,2,0.9766642153263092,crop 0 - Ảnh Otsu,Hợp cấu trúc=True; sửa 0 ký tự; xuất hiện 2 lần; OCR tin cậy 0.977,592.0030000124825,Đúng
160,160.jpg,60C135331,60C135331,60C135331,True,True,1.0,0,True,1,False,3,2,True,True,0.0,2,0.9274623095989227,crop 0 - Ảnh gốc,Hợp cấu trúc=True; sửa 0 ký tự; xuất hiện 2 lần; OCR tin cậy 0.927,594.3918999982998,Đúng
161,161.jpg,59H115793,59H115793,59H115793,True,True,1.0,0,True,1,False,3,2,True,True,0.0,2,0.9366789162158966,crop 0 - Ảnh CLAHE,Hợp cấu trúc=True; sửa 0 ký tự; xuất hiện 2 lần; OCR tin cậy 0.937,603.5024000011617,Đúng
162,162.jpg,59X275198,59X275198,59X275198,True,True,1.0,0,True,1,False,3,2,True,True,0.0,2,0.9317111074924469,crop 0 - Ảnh gốc,Hợp cấu trúc=True; sửa 0 ký tự; xuất hiện 2 lần; OCR tin cậy 0.932,592.9860000032932,Đúng
163,163.jpg,54R30018,54R30018,54R30018,True,True,1.0,0,True,1,False,3,1,True,True,0.0,3,0.9868117272853851,crop 0 - Ảnh CLAHE,Hợp cấu trúc=True; sửa 0 ký tự; xuất hiện 3 lần; OCR tin cậy 0.987,588.1404000101611,Đúng
164,164.jpg,59D150216,59D150216,59D150216,True,True,1.0,0,True,1,False,3,1,True,True,0.0,3,0.9336605668067932,crop 0 - Ảnh gốc,Hợp cấu trúc=True; sửa 0 ký tự; xuất hiện 3 lần; OCR tin cậy 0.934,604.2366000037873,Đúng
165,165.jpg,54U54316,54U54316,54U54316,True,True,1.0,0,True,1,False,3,2,True,True,0.0,2,0.9423379302024841,crop 0 - Ảnh CLAHE,Hợp cấu trúc=True; sửa 0 ký tự; xuất hiện 2 lần; OCR tin cậy 0.942,596.4062999992166,Đúng
166,166.jpg,59V204212,59V204212,59V204212,True,True,1.0,0,True,1,False,3,2,True,True,0.0,2,0.9160471856594086,crop 0 - Ảnh CLAHE,Hợp cấu trúc=True; sửa 0 ký tự; xuất hiện 2 lần; OCR tin cậy 0.916,598.5366000095382,Đúng
167,167.jpg,59K122323,59K122323,59K122323,True,True,1.0,0,True,1,False,3,2,True,True,0.0,2,0.9439764320850372,crop 0 - Ảnh gốc,Hợp cấu trúc=True; sửa 0 ký tự; xuất hiện 2 lần; OCR tin cậy 0.944,600.603200000478,Đúng
168,168.jpg,59X267951,59X267951,59X267951,True,True,1.0,0,True,1,False,3,1,True,True,0.0,3,0.9308205842971802,crop 0 - Ảnh gốc,Hợp cấu trúc=True; sửa 0 ký tự; xuất hiện 3 lần; OCR tin cậy 0.931,607.5842999998713,Đúng
169,169.jpg,59P171756,59P171756,59P171756,True,True,1.0,0,True,2,False,3,1,True,True,0.0,3,0.9648794233798981,crop 0 - Ảnh gốc,Hợp cấu trúc=True; sửa 0 ký tự; xuất hiện 3 lần; OCR tin cậy 0.965,637.3469999962253,Đúng
170,170.jpg,59P211073,59P211073,59P211073,True,True,1.0,0,True,1,False,3,1,True,True,0.0,3,0.9000592231750488,crop 0 - Ảnh Otsu,Hợp cấu trúc=True; sửa 0 ký tự; xuất hiện 3 lần; OCR tin cậy 0.900,589.9410999991233,Đúng
171,171.jpg,59V244588,59V244588,59V244588,True,True,1.0,0,True,1,False,3,3,True,True,0.0,1,0.9024547934532166,crop 0 - Ảnh gốc,Hợp cấu trúc=True; sửa 0 ký tự; xuất hiện 1 lần; OCR tin cậy 0.902,599.8249999975087,Đúng
172,172.jpg,50N102654,50N102654,50N102654,True,True,1.0,0,True,1,False,3,2,True,True,0.0,2,0.9731171131134033,crop 0 - Ảnh CLAHE,Hợp cấu trúc=True; sửa 0 ký tự; xuất hiện 2 lần; OCR tin cậy 0.973,603.2726999983424,Đúng
173,173.jpg,59K196591,59K196591,59K196591,True,True,1.0,0,True,1,False,3,2,True,True,0.0,2,0.9021160304546356,crop 0 - Ảnh gốc,Hợp cấu trúc=True; sửa 0 ký tự; xuất hiện 2 lần; OCR tin cậy 0.902,607.5053999957163,Đúng
174,174.jpg,55P67093,55P67093,55P67093,True,True,1.0,0,True,1,False,3,1,True,True,0.0,3,0.9426519572734833,crop 0 - Ảnh CLAHE,Hợp cấu trúc=True; sửa 0 ký tự; xuất hiện 3 lần; OCR tin cậy 0.943,604.2296999949031,Đúng
175,175.jpg,59A303615,59A303615,59A303615,True,True,1.0,0,True,1,False,3,1,True,True,1.0,3,0.95556640625,crop 0 - Ảnh Otsu,Hợp cấu trúc=True; sửa 1 ký tự; xuất hiện 3 lần; OCR tin cậy 0.956,601.8533000024036,Đúng
176,176.jpg,55P60839,55P60839,55P60839,True,True,1.0,0,True,1,False,3,1,True,True,0.0,3,0.9647625684738159,crop 0 - Ảnh Otsu,Hợp cấu trúc=True; sửa 0 ký tự; xuất hiện 3 lần; OCR tin cậy 0.965,606.8335000018124,Đúng
177,177.jpg,59U151595,59U151595,59U151595,True,True,1.0,0,True,1,False,3,1,True,True,0.0,3,0.9296991527080536,crop 0 - Ảnh gốc,Hợp cấu trúc=True; sửa 0 ký tự; xuất hiện 3 lần; OCR tin cậy 0.930,599.0827000059653,Đúng
178,178.jpg,59S231606,59S231606,59S231606,True,True,1.0,0,True,1,False,3,1,True,True,0.0,3,0.9722990393638611,crop 0 - Ảnh gốc,Hợp cấu trúc=True; sửa 0 ký tự; xuất hiện 3 lần; OCR tin cậy 0.972,599.9668000004021,Đúng
179,179.jpg,72T28629,72T28629,72T28629,True,True,1.0,0,True,1,False,3,2,True,True,0.0,2,0.9249049127101898,crop 0 - Ảnh gốc,Hợp cấu trúc=True; sửa 0 ký tự; xuất hiện 2 lần; OCR tin cậy 0.925,595.8241000043927,Đúng
180,180.jpg,59C128740,59C128740,59C128740,True,True,1.0,0,True,1,False,3,2,True,True,0.0,2,0.9305398166179657,crop 0 - Ảnh gốc,Hợp cấu trúc=True; sửa 0 ký tự; xuất hiện 2 lần; OCR tin cậy 0.931,593.9854000025662,Đúng
181,181.jpg,59S223245,59S223245,59S223245,True,True,1.0,0,True,1,False,3,2,True,True,0.0,2,0.9346368312835693,crop 0 - Ảnh gốc,Hợp cấu trúc=True; sửa 0 ký tự; xuất hiện 2 lần; OCR tin cậy 0.935,670.29249999905,Đúng
182,182.jpg,47K29950,47K29950,47K29950,True,True,1.0,0,True,1,False,3,1,True,True,0.0,3,0.9247212707996368,crop 0 - Ảnh CLAHE,Hợp cấu trúc=True; sửa 0 ký tự; xuất hiện 3 lần; OCR tin cậy 0.925,710.1553999964381,Đúng
183,183.jpg,50XA5535,50XA5535,50XA5535,True,True,1.0,0,True,1,False,3,2,True,True,0.0,2,0.8985355496406555,crop 0 - Ảnh gốc,Hợp cấu trúc=True; sửa 0 ký tự; xuất hiện 2 lần; OCR tin cậy 0.899,656.9665999995777,Đúng
184,184.jpg,59M152576,59M152576,59M152576,True,True,1.0,0,True,1,False,3,2,True,True,0.0,2,0.9155261218547821,crop 0 - Ảnh CLAHE,Hợp cấu trúc=True; sửa 0 ký tự; xuất hiện 2 lần; OCR tin cậy 0.916,616.5680999984033,Đúng
185,185.jpg,59E158720,59E158720,59E158720,True,True,1.0,0,True,1,False,3,1,True,True,0.0,3,0.9749468266963959,crop 0 - Ảnh CLAHE,Hợp cấu trúc=True; sửa 0 ký tự; xuất hiện 3 lần; OCR tin cậy 0.975,590.6818999937968,Đúng
186,186.jpg,59B129117,59B129117,59B129117,True,True,1.0,0,True,1,False,3,2,True,True,0.0,2,0.918070524930954,crop 0 - Ảnh gốc,Hợp cấu trúc=True; sửa 0 ký tự; xuất hiện 2 lần; OCR tin cậy 0.918,607.421599997906,Đúng
187,187.jpg,59C165515,59C165515,59C165515,True,True,1.0,0,True,1,False,3,1,True,True,0.0,3,0.9612573981285095,crop 0 - Ảnh Otsu,Hợp cấu trúc=True; sửa 0 ký tự; xuất hiện 3 lần; OCR tin cậy 0.961,1396.851700003026,Đúng
188,188.jpg,52U84577,52U84577,52U84577,True,True,1.0,0,True,1,False,3,1,True,True,0.0,3,0.9866288006305695,crop 0 - Ảnh CLAHE,Hợp cấu trúc=True; sửa 0 ký tự; xuất hiện 3 lần; OCR tin cậy 0.987,1890.358600008767,Đúng
189,189.jpg,59U191897,59U191897,59U191897,True,True,1.0,0,True,1,False,3,2,True,True,0.0,2,0.9025658369064331,crop 0 - Ảnh gốc,Hợp cấu trúc=True; sửa 0 ký tự; xuất hiện 2 lần; OCR tin cậy 0.903,1711.429799994221,Đúng
190,190.jpg,59M153773,59M153773,59M153773,True,True,1.0,0,True,1,False,3,2,True,True,0.0,2,0.8959374129772186,crop 0 - Ảnh CLAHE,Hợp cấu trúc=True; sửa 0 ký tự; xuất hiện 2 lần; OCR tin cậy 0.896,1516.6467999952147,Đúng
191,191.jpg,59C165331,59C165331,59C165331,True,True,1.0,0,True,1,False,3,1,True,True,0.0,3,0.8885363638401031,crop 0 - Ảnh Otsu,Hợp cấu trúc=True; sửa 0 ký tự; xuất hiện 3 lần; OCR tin cậy 0.889,2037.580699994578,Đúng
192,192.jpg,59C165331,59C165331,59C165331,True,True,1.0,0,True,1,False,3,1,True,True,0.0,3,0.9313282668590546,crop 0 - Ảnh Otsu,Hợp cấu trúc=True; sửa 0 ký tự; xuất hiện 3 lần; OCR tin cậy 0.931,1521.8419999873731,Đúng
193,193.jpg,59F107509,59F107509,59F107509,True,True,1.0,0,True,1,False,3,2,True,True,0.0,2,0.9258753955364227,crop 0 - Ảnh Otsu,Hợp cấu trúc=True; sửa 0 ký tự; xuất hiện 2 lần; OCR tin cậy 0.926,1691.5068000089377,Đúng
194,194.jpg,59F107509,59F107509,59F107509,True,True,1.0,0,True,1,False,3,2,True,True,0.0,2,0.8862561583518982,crop 0 - Ảnh CLAHE,Hợp cấu trúc=True; sửa 0 ký tự; xuất hiện 2 lần; OCR tin cậy 0.886,1734.6724000090035,Đúng
195,195.jpg,59N169575,59N169575,59N169575,True,True,1.0,0,True,1,False,3,2,True,True,0.0,2,0.9533053338527679,crop 0 - Ảnh gốc,Hợp cấu trúc=True; sửa 0 ký tự; xuất hiện 2 lần; OCR tin cậy 0.953,1956.8431999941822,Đúng
196,196.jpg,59N169575,59N169575,59N169575,True,True,1.0,0,True,1,False,3,2,True,True,0.0,2,0.9033955335617065,crop 0 - Ảnh gốc,Hợp cấu trúc=True; sửa 0 ký tự; xuất hiện 2 lần; OCR tin cậy 0.903,1602.6337000075728,Đúng
197,197.jpg,59N169575,59N169575,59N169575,True,True,1.0,0,True,1,False,3,2,True,True,0.0,2,0.9545848667621613,crop 0 - Ảnh gốc,Hợp cấu trúc=True; sửa 0 ký tự; xuất hiện 2 lần; OCR tin cậy 0.955,1428.5399000073085,Đúng
198,198.jpg,59B134917,59B134917,59B134917,True,True,1.0,0,True,1,False,3,1,True,True,0.0,3,0.9192467629909515,crop 0 - Ảnh Otsu,Hợp cấu trúc=True; sửa 0 ký tự; xuất hiện 3 lần; OCR tin cậy 0.919,1756.7554999986896,Đúng
199,199.jpg,59B134917,59B134917,59B134917,True,True,1.0,0,True,1,False,3,1,True,True,0.0,3,0.9685580134391785,crop 0 - Ảnh Otsu,Hợp cấu trúc=True; sửa 0 ký tự; xuất hiện 3 lần; OCR tin cậy 0.969,1727.3459999996703,Đúng
200,200.jpg,59V200285,59Z00285,59Z00285,True,False,0.7777777777777778,2,True,1,False,3,2,False,True,1.0,2,0.891838550567627,crop 0 - Ảnh gốc,Hợp cấu trúc=True; sửa 1 ký tự; xuất hiện 2 lần; OCR tin cậy 0.892,1417.7345999924,OCR đọc thiếu ký tự
